id,Tnid,Is source,Langcode,Title,Excerpt,Body,Tag,Image,Date,Sticky,Promote
1,1,1,en,The Benefits of Using Drupal for Your Website,Drupal is a powerful and flexible content management system that offers many benefits for website owners.,"Chicharrones cloud bread kogi, master cleanse mlkshk af food truck man braid mukbang whatever readymade. Coloring book direct trade woke affogato fam tattooed snackwave fingerstache, 90's small batch mukbang XOXO pitchfork try-hard cold-pressed. Craft beer blue bottle sriracha 8-bit artisan tumeric big mood kogi banh mi organic. Leggings art party shabby chic literally, lo-fi hashtag put a bird on it tousled kogi fingerstache narwhal 90's chillwave.",Drupal,https://picsum.photos/1000/500.jpg,"January 1, 2023 19:15:30",0,0
2,1,0,fi,Drupalin hyödyt verkkosivustollesi,"Drupal on tehokas ja joustava sisällönhallintajärjestelmä, joka tarjoaa monia etuja verkkosivustojen omistajille.","Cardigan mukbang you probably haven't heard of them, chicharrones edison bulb retro selfies lyft disrupt wolf meggings health goth hashtag. Austin flannel hammock af affogato readymade echo park pork belly. Godard lomo wayfarers distillery. Etsy VHS truffaut fit taiyaki forage, taxidermy polaroid seitan raclette. Tumblr art party polaroid fit bespoke. Brooklyn vegan banjo kale chips.",Drupal,https://picsum.photos/1000/500.jpg,"January 1, 2023 19:15:30",0,0
3,1,0,sv,Fördelarna med att använda Drupal för din webbplats,Drupal är ett kraftfullt och flexibelt innehållshanteringssystem som erbjuder många fördelar för webbplatsägare.,"Gastropub trust fund organic pickled keytar venmo man bun thundercats wayfarers pour-over jianbing. Adaptogen tonx listicle gentrify, street art blue bottle single-origin coffee literally bitters hexagon fit offal twee keffiyeh kogi. Meggings cliche iceland forage. Letterpress yuccie keffiyeh hella photo booth yes plz, venmo chambray next level. Same yes plz deep v, food truck bespoke pitchfork praxis. Hella cornhole hoodie air plant yr fingerstache cred tumblr neutra literally portland ennui JOMO. Gatekeep scenester distillery gluten-free iceland vaporware street art freegan ascot asymmetrical.",Drupal,https://picsum.photos/1000/500.jpg,"January 1, 2023 19:15:30",0,0
4,4,1,en,How Drupal Can Improve Your Website's SEO,Drupal is a powerful and flexible content management system that offers many benefits for website owners.,"Cliche godard bruh four loko twee slow-carb. Praxis sriracha meggings air plant, yr 3 wolf moon bruh hexagon iPhone tilde. Trust fund vinyl gluten-free, williamsburg fingerstache hella retro gochujang XOXO waistcoat. Sriracha live-edge typewriter, tumblr keffiyeh actually distillery single-origin coffee meggings humblebrag tattooed taiyaki microdosing. Kinfolk pinterest 3 wolf moon, listicle retro viral vibecession umami chillwave coloring book venmo fashion axe crucifix bodega boys scenester.",Drupal,https://picsum.photos/1000/500.jpg,"January 2, 2023 19:15:30",0,0
5,4,0,fi,Kuinka Drupal voi parantaa verkkosivustosi hakukonenäkyvyyttä,"Drupal tarjoaa monia sisäänrakennettuja hakukoneoptimointiominaisuuksia, jotka voivat auttaa parantamaan verkkosivustosi hakukonenäkyvyyttä.","I'm baby whatever raw denim ugh hot chicken heirloom synth +1 everyday carry forage VHS trust fund fam lyft tbh. Portland keffiyeh mustache kale chips. Hammock meh viral man braid, small batch listicle intelligentsia. Plaid migas yes plz craft beer hell of thundercats.",Drupal,https://picsum.photos/1000/500.jpg,"January 2, 2023 19:15:30",0,0
6,4,0,sv,Hur Drupal kan förbättra din webbplatss SEO,Drupal är ett kraftfullt och flexibelt innehållshanteringssystem som erbjuder många fördelar för webbplatsägare.,"Tousled snackwave vegan semiotics aesthetic. Stumptown authentic cray fashion axe freegan yr. Fam artisan glossier ascot beard paleo pok pok four loko. Waistcoat umami crucifix, locavore health goth adaptogen semiotics meh. Fanny pack four loko yes plz ramps direct trade, chicharrones yr selvage bitters adaptogen mumblecore vexillologist drinking vinegar.",Drupal,https://picsum.photos/1000/500.jpg,"January 2, 2023 19:15:30",0,0
7,7,1,en,Using Drupal for Multilingual Websites,Drupal offers many built-in SEO features that can help improve your website's search engine rankings.,"Chicharrones cloud bread kogi, master cleanse mlkshk af food truck man braid mukbang whatever readymade. Coloring book direct trade woke affogato fam tattooed snackwave fingerstache, 90's small batch mukbang XOXO pitchfork try-hard cold-pressed. Craft beer blue bottle sriracha 8-bit artisan tumeric big mood kogi banh mi organic. Leggings art party shabby chic literally, lo-fi hashtag put a bird on it tousled kogi fingerstache narwhal 90's chillwave.",Drupal,https://picsum.photos/1000/500.jpg,"January 3, 2023 19:15:30",1,0
8,7,0,fi,Drupal monikielisille verkkosivustoille,Drupal on suosittu valinta monikielisten verkkosivustojen luomiseen sen sisäänrakennettujen käännöstoimintojen ja tuen useille kielille.,"Cardigan mukbang you probably haven't heard of them, chicharrones edison bulb retro selfies lyft disrupt wolf meggings health goth hashtag. Austin flannel hammock af affogato readymade echo park pork belly. Godard lomo wayfarers distillery. Etsy VHS truffaut fit taiyaki forage, taxidermy polaroid seitan raclette. Tumblr art party polaroid fit bespoke. Brooklyn vegan banjo kale chips.",Drupal,https://picsum.photos/1000/500.jpg,"January 3, 2023 19:15:30",1,0
9,7,0,sv,Använda Drupal för flerspråkiga webbplatser,Drupal erbjuder många inbyggda SEO-funktioner som kan hjälpa till att förbättra din webbplatss sökmotorrankning.,"Gastropub trust fund organic pickled keytar venmo man bun thundercats wayfarers pour-over jianbing. Adaptogen tonx listicle gentrify, street art blue bottle single-origin coffee literally bitters hexagon fit offal twee keffiyeh kogi. Meggings cliche iceland forage. Letterpress yuccie keffiyeh hella photo booth yes plz, venmo chambray next level. Same yes plz deep v, food truck bespoke pitchfork praxis. Hella cornhole hoodie air plant yr fingerstache cred tumblr neutra literally portland ennui JOMO. Gatekeep scenester distillery gluten-free iceland vaporware street art freegan ascot asymmetrical.",Drupal,https://picsum.photos/1000/500.jpg,"January 3, 2023 19:15:30",1,0
10,10,1,en,The Benefits of Using Drupal for E-commerce Websites,"Drupal is a popular choice for e-commerce websites, thanks to its flexibility and robust set of e-commerce modules.","Cliche godard bruh four loko twee slow-carb. Praxis sriracha meggings air plant, yr 3 wolf moon bruh hexagon iPhone tilde. Trust fund vinyl gluten-free, williamsburg fingerstache hella retro gochujang XOXO waistcoat. Sriracha live-edge typewriter, tumblr keffiyeh actually distillery single-origin coffee meggings humblebrag tattooed taiyaki microdosing. Kinfolk pinterest 3 wolf moon, listicle retro viral vibecession umami chillwave coloring book venmo fashion axe crucifix bodega boys scenester.",Drupal,https://picsum.photos/1000/500.jpg,"January 4, 2023 19:15:30",1,0
11,10,0,fi,Drupalin hyödyt verkkokauppasivustoille,Drupal on suosittu valinta verkkokauppasivustoille sen joustavuuden ja vankkojen verkkokauppa moduulien ansiosta.,"I'm baby whatever raw denim ugh hot chicken heirloom synth +1 everyday carry forage VHS trust fund fam lyft tbh. Portland keffiyeh mustache kale chips. Hammock meh viral man braid, small batch listicle intelligentsia. Plaid migas yes plz craft beer hell of thundercats.",Drupal,https://picsum.photos/1000/500.jpg,"January 4, 2023 19:15:30",1,0
12,10,0,sv,Fördelarna med att använda Drupal för e-handelswebbplatser,"Drupal är ett populärt val för e-handelswebbplatser, tack vare dess flexibilitet och robusta uppsättning e-handelsmoduler.","Tousled snackwave vegan semiotics aesthetic. Stumptown authentic cray fashion axe freegan yr. Fam artisan glossier ascot beard paleo pok pok four loko. Waistcoat umami crucifix, locavore health goth adaptogen semiotics meh. Fanny pack four loko yes plz ramps direct trade, chicharrones yr selvage bitters adaptogen mumblecore vexillologist drinking vinegar.",Drupal,https://picsum.photos/1000/500.jpg,"January 4, 2023 19:15:30",1,0
13,13,1,en,Why Drupal is the Best Choice for Government Websites,"Drupal is a popular choice for government websites, thanks to its scalability, security, and accessibility features.","Chicharrones cloud bread kogi, master cleanse mlkshk af food truck man braid mukbang whatever readymade. Coloring book direct trade woke affogato fam tattooed snackwave fingerstache, 90's small batch mukbang XOXO pitchfork try-hard cold-pressed. Craft beer blue bottle sriracha 8-bit artisan tumeric big mood kogi banh mi organic. Leggings art party shabby chic literally, lo-fi hashtag put a bird on it tousled kogi fingerstache narwhal 90's chillwave.",Drupal,https://picsum.photos/1000/500.jpg,"January 5, 2023 19:15:30",1,0
14,13,0,fi,Miksi Drupal on paras valinta hallitusverkkosivustoille,"Drupal on suosittu valinta hallitusverkkosivustoille sen skaalautuvuuden, turvallisuuden ja saavutettavuusominaisuuksien ansiosta.","Cardigan mukbang you probably haven't heard of them, chicharrones edison bulb retro selfies lyft disrupt wolf meggings health goth hashtag. Austin flannel hammock af affogato readymade echo park pork belly. Godard lomo wayfarers distillery. Etsy VHS truffaut fit taiyaki forage, taxidermy polaroid seitan raclette. Tumblr art party polaroid fit bespoke. Brooklyn vegan banjo kale chips.",Drupal,https://picsum.photos/1000/500.jpg,"January 5, 2023 19:15:30",1,0
15,13,0,sv,Varför Drupal är det bästa valet för statliga webbplatser,"Drupal är ett populärt val för statliga webbplatser, tack vare dess skalbarhet, säkerhet och tillgänglighetsfunktioner.","Gastropub trust fund organic pickled keytar venmo man bun thundercats wayfarers pour-over jianbing. Adaptogen tonx listicle gentrify, street art blue bottle single-origin coffee literally bitters hexagon fit offal twee keffiyeh kogi. Meggings cliche iceland forage. Letterpress yuccie keffiyeh hella photo booth yes plz, venmo chambray next level. Same yes plz deep v, food truck bespoke pitchfork praxis. Hella cornhole hoodie air plant yr fingerstache cred tumblr neutra literally portland ennui JOMO. Gatekeep scenester distillery gluten-free iceland vaporware street art freegan ascot asymmetrical.",Drupal,https://picsum.photos/1000/500.jpg,"January 5, 2023 19:15:30",1,0
16,16,1,en,Drupal for Content Creators: Why It's the Best Choice,"Drupal is an excellent choice for content creators, thanks to its flexible content management features and intuitive interface.","Cliche godard bruh four loko twee slow-carb. Praxis sriracha meggings air plant, yr 3 wolf moon bruh hexagon iPhone tilde. Trust fund vinyl gluten-free, williamsburg fingerstache hella retro gochujang XOXO waistcoat. Sriracha live-edge typewriter, tumblr keffiyeh actually distillery single-origin coffee meggings humblebrag tattooed taiyaki microdosing. Kinfolk pinterest 3 wolf moon, listicle retro viral vibecession umami chillwave coloring book venmo fashion axe crucifix bodega boys scenester.",Drupal,https://picsum.photos/1000/500.jpg,"January 6, 2023 19:15:30",0,0
17,16,0,fi,Drupal sisällöntuottajille: Miksi se on paras valinta,Drupal on erinomainen valinta sisällöntuottajille sen joustavien sisällönhallintaominaisuuksien ja intuitiivisen käyttöliittymän ansiosta.,"I'm baby whatever raw denim ugh hot chicken heirloom synth +1 everyday carry forage VHS trust fund fam lyft tbh. Portland keffiyeh mustache kale chips. Hammock meh viral man braid, small batch listicle intelligentsia. Plaid migas yes plz craft beer hell of thundercats.",Drupal,https://picsum.photos/1000/500.jpg,"January 6, 2023 19:15:30",0,0
18,16,0,sv,Drupal för innehållsskapare: Varför det är det bästa valet,"Drupal är ett utmärkt val för innehållsskapare, tack vare dess flexibla innehållshanteringsfunktioner och intuitiva gränssnitt.","Tousled snackwave vegan semiotics aesthetic. Stumptown authentic cray fashion axe freegan yr. Fam artisan glossier ascot beard paleo pok pok four loko. Waistcoat umami crucifix, locavore health goth adaptogen semiotics meh. Fanny pack four loko yes plz ramps direct trade, chicharrones yr selvage bitters adaptogen mumblecore vexillologist drinking vinegar.",Drupal,https://picsum.photos/1000/500.jpg,"January 6, 2023 19:15:30",0,0
19,19,1,en,Boosting Front-End Performance with Next.js,Discover how Next.js can significantly enhance front-end performance by optimizing rendering and implementing advanced caching techniques.,"Gastropub trust fund organic pickled keytar venmo man bun thundercats wayfarers pour-over jianbing. Adaptogen tonx listicle gentrify, street art blue bottle single-origin coffee literally bitters hexagon fit offal twee keffiyeh kogi. Meggings cliche iceland forage. Letterpress yuccie keffiyeh hella photo booth yes plz, venmo chambray next level. Same yes plz deep v, food truck bespoke pitchfork praxis. Hella cornhole hoodie air plant yr fingerstache cred tumblr neutra literally portland ennui JOMO. Gatekeep scenester distillery gluten-free iceland vaporware street art freegan ascot asymmetrical.",Next.js,https://picsum.photos/1000/500.jpg,"January 7, 2023 19:15:30",0,0
20,19,0,fi,Front-End-suorituskyvyn parantaminen Next.js:n avulla,"Selvitä, kuinka Next.js voi merkittävästi parantaa etupään suorituskykyä optimoimalla renderöintiä ja hyödyntämällä edistyneitä välimuistitekniikoita.","Cliche godard bruh four loko twee slow-carb. Praxis sriracha meggings air plant, yr 3 wolf moon bruh hexagon iPhone tilde. Trust fund vinyl gluten-free, williamsburg fingerstache hella retro gochujang XOXO waistcoat. Sriracha live-edge typewriter, tumblr keffiyeh actually distillery single-origin coffee meggings humblebrag tattooed taiyaki microdosing. Kinfolk pinterest 3 wolf moon, listicle retro viral vibecession umami chillwave coloring book venmo fashion axe crucifix bodega boys scenester.",Next.js,https://picsum.photos/1000/500.jpg,"January 7, 2023 19:15:30",0,0
21,19,0,sv,Förbättra prestanda för Front-End med Next.js,Upptäck hur Next.js kan markant förbättra prestanda för Front-End genom att optimera renderingen och implementera avancerade cachetekniker.,"I'm baby whatever raw denim ugh hot chicken heirloom synth +1 everyday carry forage VHS trust fund fam lyft tbh. Portland keffiyeh mustache kale chips. Hammock meh viral man braid, small batch listicle intelligentsia. Plaid migas yes plz craft beer hell of thundercats.",Next.js,https://picsum.photos/1000/500.jpg,"January 7, 2023 19:15:30",0,0
22,22,1,en,Server-Side Rendering Made Easy with Next.js,"Learn how Next.js simplifies server-side rendering, allowing developers to create dynamic web pages that load quickly and efficiently.","Tousled snackwave vegan semiotics aesthetic. Stumptown authentic cray fashion axe freegan yr. Fam artisan glossier ascot beard paleo pok pok four loko. Waistcoat umami crucifix, locavore health goth adaptogen semiotics meh. Fanny pack four loko yes plz ramps direct trade, chicharrones yr selvage bitters adaptogen mumblecore vexillologist drinking vinegar.",Next.js,https://picsum.photos/1000/500.jpg,"January 8, 2023 19:15:30",0,1
23,22,0,fi,Server-Side Renderingin helpottaminen Next.js:n avulla,"Opi, miten Next.js yksinkertaistaa server-side renderingiä, mahdollistaen kehittäjille dynaamisten verkkosivujen luomisen, jotka latautuvat nopeasti ja tehokkaasti.","Chicharrones cloud bread kogi, master cleanse mlkshk af food truck man braid mukbang whatever readymade. Coloring book direct trade woke affogato fam tattooed snackwave fingerstache, 90's small batch mukbang XOXO pitchfork try-hard cold-pressed. Craft beer blue bottle sriracha 8-bit artisan tumeric big mood kogi banh mi organic. Leggings art party shabby chic literally, lo-fi hashtag put a bird on it tousled kogi fingerstache narwhal 90's chillwave.",Next.js,https://picsum.photos/1000/500.jpg,"January 8, 2023 19:15:30",0,1
24,22,0,sv,Enkel server-side rendering med Next.js,"Lär dig hur Next.js förenklar server-side rendering, vilket möjliggör skapandet av dynamiska webbsidor som laddas snabbt och effektivt.","Cardigan mukbang you probably haven't heard of them, chicharrones edison bulb retro selfies lyft disrupt wolf meggings health goth hashtag. Austin flannel hammock af affogato readymade echo park pork belly. Godard lomo wayfarers distillery. Etsy VHS truffaut fit taiyaki forage, taxidermy polaroid seitan raclette. Tumblr art party polaroid fit bespoke. Brooklyn vegan banjo kale chips.",Next.js,https://picsum.photos/1000/500.jpg,"January 8, 2023 19:15:30",0,1
25,25,1,en,Next.js and SEO: Improving Search Engine Visibility,Explore the built-in SEO features of Next.js and how they contribute to improving the visibility and discoverability of your web applications.,"Gastropub trust fund organic pickled keytar venmo man bun thundercats wayfarers pour-over jianbing. Adaptogen tonx listicle gentrify, street art blue bottle single-origin coffee literally bitters hexagon fit offal twee keffiyeh kogi. Meggings cliche iceland forage. Letterpress yuccie keffiyeh hella photo booth yes plz, venmo chambray next level. Same yes plz deep v, food truck bespoke pitchfork praxis. Hella cornhole hoodie air plant yr fingerstache cred tumblr neutra literally portland ennui JOMO. Gatekeep scenester distillery gluten-free iceland vaporware street art freegan ascot asymmetrical.",Next.js,https://picsum.photos/1000/500.jpg,"January 9, 2023 19:15:30",0,0
26,25,0,fi,Next.js ja SEO: Hakukonenäkyvyyden parantaminen,Tutustu Next.js:n sisäänrakennettuihin SEO-ominaisuuksiin ja niiden vaikutukseen verkkosovellustesi näkyvyyden ja löydettävyyden parantamisessa.,"Cliche godard bruh four loko twee slow-carb. Praxis sriracha meggings air plant, yr 3 wolf moon bruh hexagon iPhone tilde. Trust fund vinyl gluten-free, williamsburg fingerstache hella retro gochujang XOXO waistcoat. Sriracha live-edge typewriter, tumblr keffiyeh actually distillery single-origin coffee meggings humblebrag tattooed taiyaki microdosing. Kinfolk pinterest 3 wolf moon, listicle retro viral vibecession umami chillwave coloring book venmo fashion axe crucifix bodega boys scenester.",Next.js,https://picsum.photos/1000/500.jpg,"January 9, 2023 19:15:30",0,0
27,25,0,sv,Next.js och SEO: Förbättra synligheten i sökmotorer,Utforska de inbyggda SEO-funktionerna i Next.js och hur de bidrar till att förbättra synligheten och upptäckbarheten för dina webbapplikationer.,"I'm baby whatever raw denim ugh hot chicken heirloom synth +1 everyday carry forage VHS trust fund fam lyft tbh. Portland keffiyeh mustache kale chips. Hammock meh viral man braid, small batch listicle intelligentsia. Plaid migas yes plz craft beer hell of thundercats.",Next.js,https://picsum.photos/1000/500.jpg,"January 9, 2023 19:15:30",0,0
28,28,1,en,Next.js: Scaling Applications Seamlessly,"Find out how Next.js enables seamless scalability for your applications, ensuring they can handle increased traffic and user demand effortlessly.","Tousled snackwave vegan semiotics aesthetic. Stumptown authentic cray fashion axe freegan yr. Fam artisan glossier ascot beard paleo pok pok four loko. Waistcoat umami crucifix, locavore health goth adaptogen semiotics meh. Fanny pack four loko yes plz ramps direct trade, chicharrones yr selvage bitters adaptogen mumblecore vexillologist drinking vinegar.",Next.js,https://picsum.photos/1000/500.jpg,"January 10, 2023 19:15:30",0,1
29,28,0,fi,Next.js: Sovellusten saumaton skaalautuvuus,"Saat selville, kuinka Next.js mahdollistaa sovellustesi saumattoman skaalautuvuuden, varmistaen niiden kyvyn käsitellä lisääntyvää liikennettä ja käyttäjävaatimuksia vaivattomasti.","Chicharrones cloud bread kogi, master cleanse mlkshk af food truck man braid mukbang whatever readymade. Coloring book direct trade woke affogato fam tattooed snackwave fingerstache, 90's small batch mukbang XOXO pitchfork try-hard cold-pressed. Craft beer blue bottle sriracha 8-bit artisan tumeric big mood kogi banh mi organic. Leggings art party shabby chic literally, lo-fi hashtag put a bird on it tousled kogi fingerstache narwhal 90's chillwave.",Next.js,https://picsum.photos/1000/500.jpg,"January 10, 2023 19:15:30",0,1
30,28,0,sv,Next.js: Skaalbara applikationer utan problem,Ta reda på hur Next.js möjliggör problemfri skalbarhet för dina applikationer och ser till att de kan hantera ökad trafik och användarkrav utan problem.,"Cardigan mukbang you probably haven't heard of them, chicharrones edison bulb retro selfies lyft disrupt wolf meggings health goth hashtag. Austin flannel hammock af affogato readymade echo park pork belly. Godard lomo wayfarers distillery. Etsy VHS truffaut fit taiyaki forage, taxidermy polaroid seitan raclette. Tumblr art party polaroid fit bespoke. Brooklyn vegan banjo kale chips.",Next.js,https://picsum.photos/1000/500.jpg,"January 10, 2023 19:15:30",0,1
31,31,1,en,Next.js: Simplifying API Integration for Web Developers,"Discover how Next.js simplifies the process of integrating APIs into your web applications, providing a streamlined development experience.","Gastropub trust fund organic pickled keytar venmo man bun thundercats wayfarers pour-over jianbing. Adaptogen tonx listicle gentrify, street art blue bottle single-origin coffee literally bitters hexagon fit offal twee keffiyeh kogi. Meggings cliche iceland forage. Letterpress yuccie keffiyeh hella photo booth yes plz, venmo chambray next level. Same yes plz deep v, food truck bespoke pitchfork praxis. Hella cornhole hoodie air plant yr fingerstache cred tumblr neutra literally portland ennui JOMO. Gatekeep scenester distillery gluten-free iceland vaporware street art freegan ascot asymmetrical.",Next.js,https://picsum.photos/1000/500.jpg,"January 11, 2023 19:15:30",0,0
32,31,0,fi,Next.js: API-integraation yksinkertaistaminen web-kehittäjille,"Selvitä, kuinka Next.js yksinkertaistaa API-integraation prosessia web-sovelluksissasi, tarjoten virtaviivaisen kehityskokemuksen.","Cliche godard bruh four loko twee slow-carb. Praxis sriracha meggings air plant, yr 3 wolf moon bruh hexagon iPhone tilde. Trust fund vinyl gluten-free, williamsburg fingerstache hella retro gochujang XOXO waistcoat. Sriracha live-edge typewriter, tumblr keffiyeh actually distillery single-origin coffee meggings humblebrag tattooed taiyaki microdosing. Kinfolk pinterest 3 wolf moon, listicle retro viral vibecession umami chillwave coloring book venmo fashion axe crucifix bodega boys scenester.",Next.js,https://picsum.photos/1000/500.jpg,"January 11, 2023 19:15:30",0,0
33,31,0,sv,Next.js: Förenkla API-integration för webbutvecklare,Upptäck hur Next.js förenklar processen att integrera API:er i dina webbapplikationer och ger en smidig utvecklingsupplevelse.,"I'm baby whatever raw denim ugh hot chicken heirloom synth +1 everyday carry forage VHS trust fund fam lyft tbh. Portland keffiyeh mustache kale chips. Hammock meh viral man braid, small batch listicle intelligentsia. Plaid migas yes plz craft beer hell of thundercats.",Next.js,https://picsum.photos/1000/500.jpg,"January 11, 2023 19:15:30",0,0
34,34,1,en,Next.js: Enhancing User Experience through Performance Optimization,"Learn how Next.js empowers developers to optimize user experience through features like lazy loading, code splitting, and prefetching, resulting in faster and more engaging web applications.","Tousled snackwave vegan semiotics aesthetic. Stumptown authentic cray fashion axe freegan yr. Fam artisan glossier ascot beard paleo pok pok four loko. Waistcoat umami crucifix, locavore health goth adaptogen semiotics meh. Fanny pack four loko yes plz ramps direct trade, chicharrones yr selvage bitters adaptogen mumblecore vexillologist drinking vinegar.",Next.js,https://picsum.photos/1000/500.jpg,"January 12, 2023 19:15:30",0,1
35,34,0,fi,Next.js: Käyttökokemuksen parantaminen suorituskyvyn optimoinnin avulla,"Opi, kuinka Next.js antaa kehittäjille mahdollisuuden optimoida käyttökokemusta ominaisuuksien kuten laiskan lataamisen, koodin jakamisen ja esilatauksen avulla, mikä johtaa nopeampiin ja mielenkiintoisempiin web-sovelluksiin.","Cliche godard bruh four loko twee slow-carb. Praxis sriracha meggings air plant, yr 3 wolf moon bruh hexagon iPhone tilde. Trust fund vinyl gluten-free, williamsburg fingerstache hella retro gochujang XOXO waistcoat. Sriracha live-edge typewriter, tumblr keffiyeh actually distillery single-origin coffee meggings humblebrag tattooed taiyaki microdosing. Kinfolk pinterest 3 wolf moon, listicle retro viral vibecession umami chillwave coloring book venmo fashion axe crucifix bodega boys scenester.",Next.js,https://picsum.photos/1000/500.jpg,"January 12, 2023 19:15:30",0,1
36,34,0,sv,Next.js: Förbättra användarupplevelsen genom prestandaoptimering,"Lär dig hur Next.js ger utvecklare möjlighet att optimera användarupplevelsen genom funktioner som lazy loading, koduppdelning och förhandsladdning, vilket resulterar i snabbare och mer engagerande webbapplikationer.","I'm baby whatever raw denim ugh hot chicken heirloom synth +1 everyday carry forage VHS trust fund fam lyft tbh. Portland keffiyeh mustache kale chips. Hammock meh viral man braid, small batch listicle intelligentsia. Plaid migas yes plz craft beer hell of thundercats.",Next.js,https://picsum.photos/1000/500.jpg,"January 12, 2023 19:15:30",0,1
